{"age":[19,31,38,59,23,57,55,34,53,40,26,51,21,57,35,22,38,43,47,27,38,45,41],"bmi":[24.4,21.9,21.7,23,26.3,26.6,27.3,22.7,24,22,26.6,24.3,26.8,24.3,20.2,25.2,26.4,20.8,20.8,21.2,26.5,25.5,25.9],"smoke_yes":[0,1,1,0,0,0,0,0,0,1,0,1,0,1,0,1,0,0,0,0,0,0,0],"smoke_no":[1,0,0,1,1,1,1,1,1,0,1,0,1,0,1,0,1,1,1,1,1,1,1],"female":[0,1,1,1,1,1,1,1,1,0,0,0,0,0,0,0,0,0,0,0,0,0,0],"male":[1,0,0,0,0,0,0,0,0,1,1,1,1,1,1,1,1,1,1,1,1,1,1],"children":[4,2,0,3,2,4,0,3,0,2,0,2,0,3,4,1,2,1,2,0,3,0,3],"risk":["1","4","4","3","1","3","3","2","3","4","1","5","1","5","2","3","2","2","2","1","2","2","2"],"cost":["2457.573761980235","27303.742142428877","28204.67818372559","11891.362421834809","3133.8925355196625","13000.352169123675","10980.015093047004","5246.196885553731","9356.325483128167","29832.582078152107","3293.528727953386","33479.17211914981","2051.1683482381522","35482.528680389136","5246.377323046334","25754.290678332614","7233.570521554386","6243.286510644495","7723.03038844667","1755.2091899746865","7699.424696921069","7901.156911779228","8284.829735443785"]}